product_id,tn_Autog_F_m,tn_Autog_G_m,tn_Reg_Lineal_m,tn_lgbm_4_obj_median_m,tn_weight_mae_por_producto_m
20001,1290.8520129830815,1154.437289859747,1162.7075252208483,1104.534918301681,1237.772863806818
20002,1051.5442485374006,914.35792636009,1183.6406041971509,1003.2396142425824,889.0912927556819
20003,690.3085131781213,661.9446581261901,684.763930513838,651.6895926627082,716.5051045738636
20004,532.3786869642761,490.0753661048764,580.4849611289096,469.0169507499982,495.6618096022728
20005,531.4802370377205,465.82264849695673,563.5607802304996,515.4464561918579,536.4639038352274
20006,467.8059321506006,443.5529220805405,482.8868665740268,395.5953198667944,461.0825799155847
20007,409.6265710152718,406.8861491052151,390.9244200627476,371.7794667241136,440.23884674865815
20008,406.6905610679009,366.05763589828985,422.3401987251722,305.8629554754584,427.71831156698266
20009,476.9795050931907,412.49755141596046,450.5606175699728,541.6865506669773,554.2175747622776
20010,391.57333465733495,383.1585664209404,418.6898884300508,378.9884909389565,527.0858039855957
20011,403.8611278636283,374.992998445754,327.00128887652465,371.1520036509996,472.5754246022727
20012,324.25300631376206,298.5749738410518,291.41706974202674,258.2815884291652,339.7764228983733
20013,385.5732146368316,338.54898169703034,373.2848888171919,363.05356501502655,446.01460313797
20014,383.4677271860516,327.05265625622144,385.3259380016181,307.25784435655464,411.1356324147728
20015,362.8292970295778,304.9209647486837,326.53318238526055,310.49892520839467,416.6580066680908
20016,297.21785196132606,268.09721211810967,254.9155612797257,251.00351110670465,241.34925817113063
20017,283.8355960814367,260.94831930464795,270.82722874344194,236.32266508839496,280.5445383156051
20018,264.14595477461626,246.3364689499395,290.8179000799856,221.87213464029463,279.6357687289678
20019,309.48579028711606,282.1314499129929,288.52170579330124,240.91715478286133,382.3267617225647
20020,282.7529905311404,271.21673365670347,237.39626562567497,285.4364952900104,270.03697495534635
20021,240.0004267796654,226.71893243911973,238.8771711752532,234.3571244256557,268.95255684514825
20022,262.625626323264,246.6482493282436,225.81700743459808,233.476384551858,298.7726717045455
20023,219.2273122543768,191.85759652193275,218.43067668589143,180.76175129432488,225.33206718750003
20024,220.4313351483691,206.51519666344973,161.16435909362707,194.65086744502244,218.6328289993388
20025,221.52126144040835,198.0429011495982,179.4066825860935,196.19793469852223,262.01601457595825
20026,234.09961136054025,195.4146077265617,255.0137859844512,187.4475121486444,232.6547303125
20027,225.53408152487944,185.51029867235795,205.20775512553325,210.1798806328203,235.5895022297794
20028,208.00702784643423,174.18352522019126,224.13475881483083,165.52980261235882,259.5862846022728
20029,185.4609809085666,175.89544730316595,190.6761055458919,156.34081328425958,164.68911276698984
20030,146.66457588357596,149.45786760246597,101.06285078137762,124.63956261235498,127.18821064262684
20031,180.37333213663052,166.22997948160926,197.8237573309409,155.72139201384957,176.21921537940588
20033,132.73674133924484,114.39939114719712,123.00308187781062,145.73236031611964,220.8964131414155
20035,169.00151675539544,157.16885156893463,152.99186419233632,173.7057380162958,183.0031809346985
20037,162.7456028191335,118.21620558555576,174.24381251641006,89.89032508650507,228.70172389204544
20038,172.3442482299395,154.09373541999258,154.60991122800743,138.8833256850092,172.54973230777742
20039,144.27399616673333,130.20787674792376,126.58030387642792,117.8507894171149,196.0601817897727
20041,131.0234308581745,120.805279306565,136.9265506280993,114.46182115099612,148.24910943856744
20042,156.1081659358477,132.2353503340508,159.33659371030944,148.20873398999095,162.01744556427002
20043,128.32355001923213,117.74460050699216,132.13610875639597,131.72003828530111,126.04820389472088
20044,154.88699975332986,128.29694100955842,185.44225906787773,149.2254103805389,170.295875787735
20045,149.06169065742017,126.9046962322374,139.44296127337424,125.6281449281143,175.09176804983355
20046,148.33959314364125,130.96115371051673,126.95640282449288,126.88068450353722,159.92897258522726
20047,158.620095352019,133.07874924807274,164.41958048279048,142.0026151985797,174.73472809791565
20050,127.70204233887712,114.04353962535926,108.3119996406936,125.32518956533016,134.22731242066888
20051,137.32402364078527,118.13467127144082,132.88870039196206,104.41471076226918,142.92409669054115
20052,115.13810556168129,109.89801214564098,91.25040923967197,91.0657696016216,119.28482042476416
20053,146.8071017587044,129.41237528438697,144.2853962806371,131.65618077034156,152.21450018882751
20054,132.66010989199603,119.44405295167924,141.72263473436612,130.3036957083916,145.3497270345688
20055,104.25775909044776,91.38756116960955,94.01727170675822,77.43975588129108,116.207529764038
20056,105.56898052626948,86.09193722755148,89.95945453749555,73.8972013140646,130.8013006190948
20057,137.3755345590438,120.556915366391,123.62072792182732,110.78625320944664,143.958415464694
20058,117.71171143844946,106.01250049530692,99.27498184035896,105.47384625257284,131.37373674074806
20059,137.79722963793134,115.90597321167328,136.3313035245186,122.05875107451686,134.45387611579542
20061,131.1084482838646,113.54414514184646,130.13975820156773,119.18868076925472,136.92435908317566
20062,102.39813634035406,93.43433525417056,92.38677700188074,105.83736602166756,95.2191900271364
20063,120.86912282535958,101.00906263070792,109.94953533464334,108.28821460661152,127.05347084999084
20065,119.27399305577867,104.36267031354232,119.43733722247136,108.20109065530076,152.94082781249998
20066,115.98981896991155,106.63050221838812,108.2836454443402,117.98596826561344,132.35585403442383
20067,110.23063292239748,103.21043879861176,106.83140565641416,103.7860510965063,119.25063419216306
20068,111.80158957370004,95.56886226222169,97.08414211533622,103.66526049165552,110.3482384424003
20069,131.57753160022122,114.32635095173087,120.6821615315544,116.1900498626754,135.57924403409092
20070,109.96558848403656,89.17759016615912,105.80973992553254,95.7476697097828,116.55036473274232
20071,117.87237433063368,98.5537190165261,114.40475268131894,92.04899228718332,125.1037430265986
20072,95.67083225936022,73.54064520125851,85.56006784177933,70.48173792750211,97.75217300596756
20073,102.4733485412808,84.6935510415585,90.93803992131294,102.50800562590268,110.28346767928896
20074,89.01838967857067,84.57972752096013,81.28676117265523,76.86555071670398,93.46777276430232
20075,129.46387129471742,107.09300522014644,121.37429478352244,103.99137388705358,124.65457445383072
20076,101.31312711045288,81.60889252069086,93.5159314221538,81.52118911102295,101.57661346590908
20077,102.4792900609972,81.61665641047101,97.11244805661494,66.018727225309,156.41506127840907
20079,62.01585865210947,57.33624433160354,66.03902326559692,47.29776139200661,50.48019324355999
20080,94.2939697336889,70.30314883374561,105.65283531132496,72.95874630579453,103.22587764263152
20081,94.37951999279336,84.29621301023879,81.66729616027247,85.71497802722214,103.13769388198853
20082,76.34904756614439,71.8794972029088,58.155860769658105,66.8149553164572,76.88673168006532
20084,104.3396243801982,84.88933233310173,109.8865782961671,86.7920204141667,71.29057508522727
20086,63.72572646619453,54.002529001005726,67.16783626713504,57.01664069086172,51.18671918944785
20087,78.4996341802304,76.76655812912887,71.4791349534976,65.83328693572948,90.76335826142622
20090,85.8171956283338,68.1412697445976,84.3321929433834,55.87648593946945,50.32000447380559
20091,100.23002416050596,86.47540364417866,94.31506925588266,91.82236390569692,103.55556157854367
20092,67.33393702423453,61.23123631756138,64.0498816935289,64.94544345260404,64.4336814050557
20093,82.06772364481239,72.45603451385914,76.24575529613675,73.26006193476786,89.06904204545455
20094,98.42483931469673,78.60266336846698,101.8408988731097,73.43426974235733,101.29194033145905
20095,70.81733134026985,54.785380079070805,64.42241381568564,61.54105033490687,76.27266011363636
20096,75.05096771515389,61.53581930249136,74.10849421330673,58.985750397071584,105.18332869318182
20097,72.09674236792853,69.31619729461656,53.56234077725141,59.93596247922794,61.146096406826
20099,72.51823006260324,62.039089507330985,72.36826515335525,59.10600330869396,64.4290054840324
20100,69.19483300805936,48.00186713794693,61.36203103740898,46.10700355023484,103.74292296719564
20101,76.1078845055929,68.20197413423949,68.84347582116081,74.59621660859511,83.72488090909091
20102,36.15632206629643,44.41594172713452,33.70289698268565,41.79132402515327,102.2396280818359
20103,78.34160701519653,65.65579485663906,71.70909830901255,65.11545655524702,94.6182472443182
20106,71.22390715146622,63.28634515863845,61.1174187758086,65.60933592788373,67.07616350648344
20107,75.86156686882157,63.66263449700919,64.11135700409737,64.03261913918192,71.93475835227274
20108,63.0564130645113,55.487487697473775,60.21678090108328,56.07045768966448,73.63172698863636
20109,68.81821869627336,61.923216216449056,54.55813797593586,52.85981122036669,55.971030669008925
20111,78.3972436946259,69.23172987682028,72.31152405061678,75.25085065290239,74.8896415233612
20114,61.50923148005433,54.22849597854866,58.27981468418199,54.40828999535843,66.58837279498859
20116,88.98710381127276,71.00409204844843,63.69880345998139,71.08901509937144,56.86829022727273
20117,51.51554104667493,47.16816567870901,46.87684630161583,47.13695980632996,44.93297919893991
20118,61.47857981883737,55.40970684006679,48.949436874082586,51.34436581631809,67.4436597102004
20119,54.58063751308189,39.92131189887739,45.1412377561043,45.72114148492638,67.90455630681818
20120,64.69231977438419,60.98159391997476,59.51380606399034,63.62431009102892,68.38631899836103
20121,75.5407055171637,59.74688821083557,72.52835356147106,62.6877803782643,58.59019036931819
20122,68.28485299762184,59.73061149139035,66.68797455148163,66.72087732834304,68.64124664772729
20123,63.25252884596553,55.53693379724069,55.11572494796701,60.08496449193629,60.75862265201478
20124,55.44083155657148,46.3725569256973,45.50547672222131,51.44705142795963,56.122883966213216
20125,63.63807836840819,51.80177078774597,51.86286094695144,61.72820409113245,68.3335211277008
20129,63.70433872322649,56.42714338758486,59.29632307676957,56.41705362531546,64.85336031649607
20132,58.55284854977837,49.02086328577724,55.137995096464856,55.06253979588864,63.82830778409092
20133,56.11683275013143,44.92365884126272,50.697848293961705,56.412450892288376,63.15181013941765
20134,58.91587539828884,49.96823084626395,51.38934132348373,56.77594559783487,62.54805362224579
20137,55.37226344984637,46.30574809808703,51.0732118312264,51.37536967486323,53.86477715421897
20138,41.8124868432279,38.09499448710103,41.77918914144216,36.67186157877045,33.47006095706384
20139,56.304006442195714,47.84031664210812,46.1912636299608,51.96251250025431,57.20363667613636
20140,55.70414426448693,47.64936560115892,42.50426093953598,51.07685040603788,56.79015801136363
20142,51.5677050552265,40.74628842773144,54.99298602401326,40.32173200735338,64.73309045454545
20144,55.01674521476426,44.64753130528294,51.12381305219047,42.00247160813268,56.5176894068718
20145,52.80456710319138,48.31650093172874,52.54835448469569,54.679804738964,51.43793335227273
20146,40.76968543523612,37.78758800439405,42.52283889881258,34.460794720351615,65.13651955127716
20148,58.736242983205166,46.57927463669301,60.36073004685872,62.8061579054998,50.89491242170334
20151,43.68706057765973,40.50516061888637,38.99065723443109,33.34411194254541,39.63172995273658
20152,44.47350477333082,34.8262059723629,56.57285168701988,34.47267909038074,32.190699543061086
20153,46.69481898888351,41.50232852696966,51.40990913290689,49.01422393586861,45.51152642045455
20155,48.7770703268044,43.30544175755017,47.25347213944608,54.32009547781516,46.09297295454545
20157,46.625292482602056,42.750935897381005,52.76347809150682,51.649078586782665,43.76450026035309
20158,52.257091221860456,41.53837092885193,41.15366268162916,46.720904041741846,41.80766207386364
20160,51.25609811734516,41.99200345193582,46.5272685411864,40.74129880629017,52.50891375541687
20161,53.793589766593634,40.862024442233306,51.56370902120008,34.85285392308772,53.51319602272728
20162,40.80765929670066,32.81284225312447,30.91935281511008,49.67100131612815,64.25028090107028
20166,47.8251891496747,39.42555264139496,50.679095701940525,35.99132406459352,55.30238693181818
20167,39.86239215509914,34.98094311193488,38.26648288654829,45.06934201396232,39.46029696022728
20168,25.80427613441411,24.808033375764005,26.125130352114816,21.80595800867434,17.456217415093583
20175,35.128527436203164,29.683080171452573,37.91236887441701,26.15390402532713,47.62218773365021
20176,36.99129333229487,31.255923379762454,37.40485465124139,35.25582659971161,46.38219835227272
20177,36.871932348813175,32.27068171893967,39.36114999783478,32.072893807258595,40.89013069868088
20179,33.407959042668644,29.16195115679052,25.65741131443785,33.26122401880579,36.69573101401329
20180,36.09361179728904,31.602786139748822,31.78637673003476,31.56309818321148,38.67884178831557
20181,38.145616679050434,33.83861591997566,36.98753957459826,34.64416300889893,40.28986310958862
20182,36.587526359872285,29.17204899054904,37.66534163859418,31.29044660739212,44.59976272727273
20183,26.46496499215003,22.63240290061493,18.439590021461125,22.27164812785657,29.318476985528186
20184,34.64515520232472,32.186346016646645,34.09734056676872,32.3169311332036,36.176136067315234
20187,34.1186613926225,28.556858146054825,35.48046799970794,30.44383429774228,41.60157457386364
20188,32.236851740280386,28.887857217817498,34.74363457996336,28.8603685729041,42.41846977272727
20189,33.3266498777213,28.86273449529532,34.181427923579335,35.41450483786932,33.138024032115936
20192,39.64463017534761,30.10984699752515,43.68279775054447,28.231533274853224,50.93289698256677
20193,34.493018555692096,30.01701173423023,35.28767689405906,28.907939191528627,37.61449325084686
20196,32.6401804993811,25.22937841288485,28.70027389088512,30.4512484127514,39.04168786327072
20197,33.39992544037325,25.88939698852942,26.79694705699601,25.82289188522571,29.67908988864068
20198,34.98255838634217,28.4977755704776,31.33633533914765,28.50790604019244,36.96456897258759
20200,32.1236353126106,25.408399300622968,29.310963317669955,29.24283444174764,34.71278423070908
20201,32.4891612118822,26.47034266336111,27.01782243192792,25.147981933203063,33.42292329731465
20205,35.727263016766145,30.163815380583216,35.230406492091504,29.44226817156386,43.06307420454545
20206,32.4877561377244,25.201422674592244,26.53103510384524,24.80916767633221,35.72060719249013
20207,20.393010806063003,20.04388734991864,16.68412205401316,15.895773775449154,23.07489974058393
20208,30.718036721060752,24.109649533598137,26.669893393120567,23.79827886799045,28.86333813110944
20209,29.07387885636576,22.81542821497472,28.23495550559885,22.168159816039925,29.778279185295105
20211,25.704172228630483,21.130390663034103,22.987257243038503,15.792196497988089,26.3192824207046
20212,26.685687864672524,22.09088476509411,30.99494155680001,27.366737840119484,27.88828343153
20215,27.871977135758858,23.668089150695465,24.440069818244584,24.50197853771987,30.468760818243027
20216,19.71387161851009,16.672800662411696,25.0404704654718,15.045304899058038,21.690065595786272
20219,24.95229012691025,22.469385221171493,22.74325989942267,21.66228688231487,17.84643762473056
20220,25.569256046463263,22.44988501850412,24.87373039495637,24.746515649760724,29.69648998975753
20222,22.40212522394341,19.735854555678184,22.078739797696134,20.186376929024483,29.995989963412285
20224,27.06778877794605,21.9744325760172,25.743298232799216,23.236056627190464,30.57032891584368
20225,21.05069146937313,17.517250842974423,21.02929267473062,20.5249814152857,22.06836076715493
20226,22.580997957537555,18.99716053835936,22.81939844581895,19.501581187391864,23.307508866132384
20227,35.1111678043403,28.141611362783497,34.75171862795301,32.63592282420625,39.66532759661952
20228,15.694399475170773,13.39062981601661,16.6419452292013,11.090707927018745,11.69175976913286
20230,20.32263898542645,17.173513528594526,20.732165971437205,21.14114222680537,21.23394102981179
20231,22.44165481219268,20.267151629588675,21.45431370830535,17.812709687493978,22.88570867656641
20232,27.797673819099327,21.990320512545,23.36212121942662,24.19287335838454,36.126590912892674
20233,29.37888869456061,25.070787449693043,26.84208316487846,27.453995667978315,24.93692789855413
20234,18.83184792391696,14.717116412037887,21.07550071724413,11.968960805240933,36.96303264204545
20235,32.84574378054843,25.69491165502972,35.92529586305145,32.6974858508725,35.60177704082065
20238,21.419566522643045,20.046882375779028,24.302241890713752,19.97727672204664,24.927620202302933
20239,20.114756651677148,17.943549052624114,21.16838402974728,21.585030186635155,25.75378727272728
20240,22.143145787637152,17.954534530241702,20.39546888453913,14.830102349070405,26.632406704545453
20241,21.53611875105405,17.93048733992186,19.477911953983654,17.681816300789205,25.22389388084412
20242,15.548279074147924,13.037580770473712,13.981968446326375,11.954919223157436,21.26624087315604
20244,19.53556591350481,18.39225584433003,14.935378099011333,20.1205739078857,22.35823161154985
20246,22.81295081102952,20.155439050098565,17.786487260335125,18.64148392550093,27.006245340909093
20249,21.89587419084087,17.280130831114064,20.9964652644622,12.014913893133688,12.990694658188096
20251,20.764658712790865,18.157127741326008,23.068723465386867,18.72787829648337,24.95065346590909
20252,18.81308995313106,16.194148436133936,18.644308449325848,15.43270227609788,27.620079829545453
20253,20.984832997532013,16.362505777886682,19.295622678423964,16.65843763361967,25.30500471590909
20254,22.164528606231315,17.22559448415634,23.293459721262973,18.439411630724933,22.491764176136368
20255,15.441784754933945,14.99083241990146,16.50046288187756,12.132192702022705,6.362490752211395
20256,18.3979465923629,16.25537783479199,17.361886187414882,19.02925808785665,23.73062855113637
20259,20.90020084373561,16.231815668064396,22.1764632887634,13.312999597003303,27.04729127840909
20263,21.749097021505698,18.5053060813785,19.460127430614627,19.80397837907985,21.95044431090355
20264,18.25715195330368,16.181835319427783,15.606911324760723,13.840099995517624,25.25061133522728
20265,13.96168938806364,10.912100917557506,18.65461179199952,8.88136195095322,19.47973012969008
20267,21.02712292931537,17.964257531937115,20.179000725265247,19.978422378142,21.185662537813187
20268,18.44454194909887,15.557249821913604,19.024222034486364,17.69724131655365,21.80516729876399
20269,16.770322816380776,15.047911064946977,12.286319255515302,15.161859246117803,18.347596730777035
20270,20.49405274787773,14.50378609082706,22.991360789184974,15.037716480040311,23.77564540505409
20271,19.86741463481529,15.027619025006423,17.904455218908335,11.906079365618682,16.681514720596045
20272,17.007335148574445,14.734758191442634,16.56853442540273,14.792693529060957,22.650460056818183
20273,18.39878195886728,15.532635492723934,18.75772663206128,15.50839676708812,24.57486857954546
20275,19.59391925885204,14.23780231422661,17.261721564946438,15.244356462915665,19.96925858786108
20276,19.463337723198933,16.336946454832436,19.09690883725939,16.887847954232114,19.35417690639412
20277,17.86513336548218,14.742254157128173,15.474389323841017,14.123645328977544,19.46051655679978
20278,21.610341855648137,15.676545469240152,19.41901634769905,10.767843304014104,6.27424
20280,16.61407355967041,13.96857947399595,13.660566657149506,14.040041288639042,18.09338339593613
20281,16.42106314850329,12.141099585835704,14.783512371926497,12.387877693431143,18.241706801765
20282,18.14482933289922,15.11355196147306,18.98223214164352,15.655635356118069,20.698492147605982
20283,15.701273529982505,13.650013510365785,13.691012604327527,14.152490299365695,17.664802009689495
20284,16.93028819905073,14.19493570899828,16.959812475486892,15.088458167548094,20.699548080563545
20285,15.63566511917008,10.729614434215812,18.71350203122753,11.13855759590837,22.20048721590909
20288,16.700989080376864,14.708944066773729,12.383397287343229,14.659535387255543,16.451715792701496
20289,15.753818512461123,12.581479080705725,16.01216801409329,12.06354667524537,21.602546997368336
20290,16.968066537116616,13.525410089602218,17.142402659461546,14.928533750592148,18.259734857954545
20291,16.416736008222422,13.270390176521383,14.979514062771807,14.578068335474452,17.596955800865725
20292,14.944537304290211,13.464760418695958,16.798916249906732,13.878741499575074,20.537276875000003
20295,15.229958869501605,12.191485800970645,16.235237443584026,15.214327396594872,17.471974636104253
20296,18.342033580552464,15.472060540061422,15.82561185239759,16.51053532127611,18.40339549272316
20299,15.537220312126212,10.08312248567896,11.587314668656724,11.551186862848224,16.107628210227276
20300,17.513358910638196,15.086972008015062,16.59492035452724,15.1076666479848,16.926529439710603
20301,15.21749623726944,12.421481193928544,16.618999263555878,12.539355198516656,20.071136164772728
20302,12.571802078029924,9.651624399936953,16.225249106278326,7.116464230929758,6.634960742430264
20303,17.43094815724379,15.090045919701684,19.4360619860516,14.252062650854445,19.358011811971664
20304,13.172896891589778,9.546027869686618,11.083775766319643,7.721635557647525,14.997502208145695
20305,11.675774697299758,9.068838148835004,14.914037210393085,6.608360148042396,5.812136854829065
20307,16.006043578739828,13.489216947466147,15.595668385277222,14.197602990080124,16.14919732634871
20309,16.456325658296226,12.65364075500365,16.034103708362515,14.729567952019009,18.26850444078445
20310,16.54509372194576,13.25687017089108,16.738699067809655,12.464170740284128,17.89527502655983
20311,18.549819262980773,15.054605853791234,17.159731251103267,15.94240966334139,20.517518620499548
20313,20.884554645269823,16.97040545429392,21.9660443696987,19.57563102800588,16.306007758553687
20314,17.063669542622193,14.556585854583108,15.841976168036956,14.185974309278496,17.894273664772726
20315,15.727416151696383,14.271402112469197,14.949477786467074,13.867651741150326,14.38578426749958
20316,23.276125647628152,18.59936290906356,22.12234359744626,22.127966970221465,22.070560357012088
20317,15.201335218192805,13.234917830198114,13.972386110945749,13.322702640381852,19.157111875
20320,15.230364363705185,12.62293338540967,14.115590070134571,12.363113369547072,16.29042376577854
20321,19.79651611310961,17.30080458204149,16.79370559963913,18.333422365504457,16.286158074227277
20322,10.570896669143028,10.265484975053084,10.369414697839463,6.9988713262401445,8.067083325859555
20324,14.03663528323182,12.44800481099745,14.696265143364784,13.07188591877767,17.616886649280787
20325,8.600037547663307,8.608870865067608,7.624121856860459,5.998836529101077,8.734218465871228
20326,15.53212805202808,13.605548646273949,13.918556364839691,13.206833168238134,14.67109657759228
20327,13.773054320098664,12.388914790123811,13.472230401769108,12.252084861715236,14.798710655412664
20328,12.431724331772989,8.805120141034076,11.461130803973482,9.875085875068203,18.20002692783144
20329,12.784984457418837,12.044724973076878,14.299133988346624,12.140194576790874,14.539989299468653
20330,15.28174083613654,13.192416990086588,12.942690695768835,13.265975395359083,16.667445063591003
20332,14.342119895044863,11.715420025097988,13.46053281315518,11.365327487278991,17.81943762243626
20335,13.760707226295706,11.992459103139078,12.306922879167264,11.391647089422191,19.090279204545453
20336,14.262686417808146,11.340736609736732,14.411058469427315,11.981743625444013,17.144869914772727
20338,13.290560729470378,11.19459306501225,13.30722857842492,11.729044332692151,18.314725454545453
20341,11.710287422462658,9.615953649555804,11.103830312249604,10.74658538203816,10.92973047013047
20342,15.488740694124996,12.531707290389974,13.9407201345991,13.9993169212557,16.645678754895926
20346,12.051700507986856,10.399999011065043,9.482050924084854,11.3501614958744,11.18604615326258
20349,13.401548669216949,12.25141176746606,12.140176309423786,13.464954824660683,12.622437989712978
20350,10.47025544723343,8.031993794126057,12.729818873219743,4.424329261900668,2.1899023208989448
20352,15.983792890581812,13.002796498345363,12.397447081316669,15.114499150609838,19.63889395537173
20353,12.280267103220824,11.07040228970096,15.273657599294667,10.4215033265957,15.50424242950976
20354,13.63834786379162,11.26319762502901,13.733180887177909,11.981741886152069,13.864927142858503
20356,14.485732657864515,12.303771049645576,14.696854511745553,13.14766371319583,14.883414447307588
20357,14.10474636886262,12.642875617949253,11.552093769235348,13.115149148956531,13.008910349787524
20358,11.906425459502763,9.278352945838789,8.068672116212653,9.112506198144825,10.397597025479376
20359,13.417328585475556,11.917423711835363,13.298527946360544,11.77935902571989,13.661799775851009
20361,15.80591483358514,12.544965531013135,18.273224356456165,14.007970720079651,15.13716318218078
20362,7.499815567389712,7.482575277295177,8.765509634750511,6.035737803558604,3.4149889557491475
20365,13.311402935776698,11.50797537522882,12.901056091260902,11.34418726021744,14.20032151043415
20366,13.31224772414316,10.450778875573132,11.44265167258537,9.998703006399936,13.729816725965708
20367,12.442864063032369,10.828004459528792,10.885083912456825,11.00041635864288,12.528083246437252
20372,9.4365463668981,6.889626935102622,10.150649023779572,6.8881129373779775,10.271783432151688
20375,10.335618311176235,8.092589354862994,9.521231143288954,6.911664884013865,12.316617257045504
20379,9.290944355761267,7.387261293053583,8.488382963627082,6.535241300603682,9.726634339571795
20380,13.502215574685742,11.158803375358945,9.999517083631437,13.279183649656863,15.44195713104454
20381,14.760111226715182,12.294440185234905,11.391443356765471,15.443453857028947,15.548456254731525
20382,10.20941365308109,9.314933997144784,8.948771341975878,9.552742488381693,7.381807216607213
20383,9.441821858727948,8.872180963928361,9.464477678616966,8.905507863818874,10.576753144785457
20384,11.25045151615262,8.283987613523157,8.437151355814713,7.771365281485989,12.692813937851206
20385,9.928231553978772,8.876525107498875,8.532302407911052,8.936660478160844,10.166400281139364
20386,12.489793733707216,10.321762550332016,11.185346266715618,11.653602287612898,12.740923941135406
20388,10.602159706579329,7.7112623237898,9.887827385458763,8.606563700041844,13.054345200912104
20396,9.093690558369728,7.304388737930104,8.769049766302889,7.474400871046052,12.576887145638466
20398,8.311166342102439,6.841063328161713,10.365078833195703,3.8652504473896654,20.04749826704545
20400,11.22788635158572,8.652196269376798,10.893925319152954,9.235028585639686,10.820120963169025
20401,11.13586530983238,9.570219452052116,10.082217616850263,9.142583794303553,14.78938071022727
20404,9.622417808818089,8.329533661907039,8.42027338420652,9.491882095386543,8.20674092635047
20406,12.48779060911538,10.443976881437578,11.44411289531963,10.238521875107567,12.959577701985836
20407,9.3244645217542,7.469376919071581,9.334789732855144,8.217261553255863,12.840558210227272
20409,6.5783364853095,5.888673556156683,7.69914758857754,4.923682938214873,6.1104221853875424
20410,9.408211864313513,8.489213624905677,9.483592949902244,8.909179362382565,9.694598163040869
20411,10.25564951877016,9.065152700756208,9.94219441262593,9.127785562592788,13.969625454545454
20416,5.428036334679188,4.781815476430604,7.954232964852688,2.711283512775685,4.60068258977502
20418,4.399152680933105,4.5267639110288185,7.43967130295596,1.9623400961478727,5.295029753099904
20419,10.93107235811484,9.296241517965685,9.070291784253328,9.850793502785036,11.324674119318182
20421,11.345539789402435,9.854359368152528,11.485435567010637,11.189134276139043,12.900770426136363
20422,5.765744916984183,4.842331541227564,7.849475429503814,3.017264986321981,6.192484168770977
20424,9.046481090450174,7.441817316063208,8.332959343757654,6.94188318519413,8.432583183244505
20426,6.368966089873876,5.195581661707875,5.472881278976015,6.430438926671991,8.974800480617088
20428,4.931566895567949,4.670933216832877,8.067148394506876,2.9063645800100666,1.5180776443488342
20429,5.225036024408686,4.645209910193228,7.6604782540889,2.7030310694146804,4.524619216197784
20432,9.466403821595772,7.734387716720168,8.625042452020631,7.0154680245721375,11.948308465909092
20433,11.482530921646635,9.895962184351507,9.503945233630873,11.479996103174033,10.48095502840909
20434,10.352254192160036,7.671926355007851,9.98777599898948,7.508366588601813,9.441995689150842
20438,11.703301505762347,10.568508114268273,9.01915711462901,11.570610199098391,12.70070108061009
20443,8.424770290642183,7.351890524588619,6.700063776263487,7.491356556228638,8.63141486532321
20449,4.987057289019635,4.719185656931607,8.015273830081759,2.870479179583387,2.2274872070421696
20450,10.346238176543768,7.498501931633291,11.353831420101528,7.34313410671474,10.325574204545454
20456,8.082971270002703,6.291635882037056,6.094075048431925,6.680125504725566,10.93146611029102
20463,9.011301835345645,7.953951532862747,10.16862245093542,10.315171063912238,8.2628453125
20464,6.294889605716876,5.872539020853657,7.864581739348443,6.1317047186748646,11.38448869318182
20465,7.7891996530598,6.553422106080898,8.347505248919493,6.193638351062209,7.5791944543580865
20466,8.761813414056126,7.083144563040215,7.590425377468146,7.606527006519029,10.10148590909091
20469,9.220634115784192,7.388344580455146,9.548488844301346,8.821615908877064,9.252792942908505
20470,8.145698937770225,6.476201571726191,6.940459078036825,6.592610822821888,8.694618136581205
20473,7.254749057522902,4.921634568541894,5.262454472276484,5.811294001102658,9.93042691423996
20474,8.577135045897057,7.2094253981568865,7.617233378379926,8.646325896116851,8.36363598704338
20480,6.469453237051375,5.309677770402524,5.516893401290099,5.6682041736448685,6.003808765842759
20482,7.752160331026779,6.148708152096788,6.677568794406188,5.7277738401369245,9.94473560154438
20483,8.149655514505497,6.732083932241416,7.023701319356225,7.089016584531389,8.861773922296738
20484,5.361453064325493,5.17902037689476,6.888956777918547,6.023555708418535,10.071203863636365
20490,3.1122611690803312,2.939031960250784,6.324799300646504,1.7689075454571697,1.6600238130159224
20497,6.437994075446681,5.726060353277957,7.209924973256748,5.9219132237399,8.00580296580082
20500,8.10333239198085,6.666001583962874,7.175831536841629,8.245211641933334,7.96239909529686
20502,7.102898878758027,5.994174583969175,7.151054686984377,6.05236195190439,6.97299135961561
20505,6.745487100573763,5.483040822588283,7.739313486400473,6.103786831597629,9.655461363636364
20509,3.434820777803071,3.3146852866996177,5.656588550792042,2.006728124052338,3.6639528423169705
20517,5.068880203152004,4.18472982752434,4.72895586216756,5.105515879191973,6.012310925944893
20520,7.124820859017904,5.502782910000686,5.324304594505495,5.843794641386929,8.218054147727273
20524,6.538171805019146,4.444912267452366,6.161292324177381,4.943186579015492,7.688486579805613
20530,5.928422968390844,4.239040629352266,5.951501791951701,3.758948375694491,9.442051647727272
20532,6.276594126807372,5.527362841185963,5.377165947652591,6.053319134327763,5.453288903248045
20536,6.65472446931855,5.842583703591456,6.635010507043251,6.174838221626431,8.365972840909091
20538,6.6894587307379485,5.425483111503069,7.300052197349119,7.0138907858922375,6.177302800118923
20539,6.088663337181036,5.645297787012793,6.2936786396391895,5.525771279326423,4.446516195760077
20549,6.040751511297654,5.529865815491135,7.033503826570101,5.885785827447167,6.267366288549965
20551,5.446878638228679,4.840491346059918,5.128254823070623,4.663736765562778,5.226855637821339
20555,5.847824228316558,4.317147965853187,5.808171543322306,2.858869391018392,8.966201732954545
20560,5.377597340007713,4.440537840696689,4.3467169342307255,4.048407519422209,5.4266258316977725
20561,2.2405237311035684,2.227373627924929,4.365343509933224,1.4860702900849474,3.4084021479535016
20563,5.253185980107158,4.480502172087852,5.710873010549817,6.058882187384828,5.399620684817767
20565,6.149486211531443,4.735135156111593,7.444465608329411,4.101017271342148,7.648220056818181
20568,3.9635746889138415,3.318604754591904,4.022557434363209,3.983264013430829,5.44835096590909
20570,6.050453911644215,5.225219326433948,5.7982820936456765,5.656485580310769,5.913708426058292
20572,4.375645476791418,3.7597902844284943,4.120108607412668,3.986295627926874,4.360330300215919
20579,4.824988523286166,3.737695983290623,4.193344995235131,3.358878511403139,7.098964034090909
20583,4.940656726995874,4.238602712732522,4.789804812108304,4.417864970335404,4.499507849886302
20585,5.799488465992309,4.802626053123141,5.791310721363941,5.742989667936749,5.07791344774887
20586,3.7646918458722816,3.0768504076781555,5.0602235941275255,1.9141538665454112,1.8447850502635268
20596,4.354601003560353,3.2175638807981986,2.611735803851761,3.1028394973664843,6.450657784458129
20597,2.392533323872387,2.1901922149865065,4.027929013224258,1.1523210864530364,2.488356279838148
20599,5.11141716538981,4.390607999755146,5.070438489481951,4.293285641302369,4.513177527844542
20600,4.520373896155851,3.5000502509114484,5.332105074931361,3.7057572394602656,5.164284996688366
20601,3.705125686496553,3.018624246865332,4.496802729232063,1.846429464195952,9.05159784090909
20602,3.8463882012722928,3.185373486181792,3.468830080935186,3.4653262705711203,3.982678564997431
20605,4.986936087706745,4.281732528838504,4.165043056126088,4.959986066012745,5.245683126151562
20606,4.820089420453738,3.697887197052882,5.001817418108821,3.719524174181508,5.325810222021218
20609,3.949435613062497,2.80000220025388,3.5872245437414207,2.8579261145241275,4.582009811466652
20612,4.965522709075876,3.990396981126692,6.042447062696729,4.989575661610631,4.698670333717018
20614,3.66827377750324,3.0142564254974435,3.93033932925468,2.5040167599054906,4.038217742134929
20617,3.545936925387485,2.858209817772307,3.9135972637102574,2.3265281344114035,3.8785252608664433
20622,4.78254472438117,3.839223632585021,4.60383907798117,4.548433068045512,4.847432196140289
20628,3.672824938899847,2.9435037945930143,4.110162992553718,4.121861583341984,4.430691335227273
20629,3.365696908239646,2.77041078255122,3.343758495445982,3.071209441464333,3.1948053960424523
20632,3.5507653654837563,2.620691844652027,3.0874364629178266,3.0890651826095668,3.445160589919778
20636,2.7195880723404704,2.288739327799724,3.2323636040598656,1.156138708154096,7.877698267045455
20637,4.488844429453076,3.757334536652347,3.809918979745571,3.9554020165504458,4.771747613636364
20639,4.442071797009431,3.788630789959044,3.880833691789737,4.251336712339807,4.448034979403019
20640,3.829552542476295,3.279472854151458,3.799717119199349,3.2301034356695952,3.6951975797162775
20641,3.656396563329201,2.832071493606818,3.1038687003290786,2.290394207629817,6.333423075513196
20642,3.909242855514586,3.0238400000000003,3.707562424530933,3.0238400000000003,5.340250539772726
20644,2.8143107705535457,2.651393044374665,2.763301767276271,2.5830686688936497,2.574822102865736
20647,5.0823132433417015,3.673886114232787,4.573347308238237,2.620382539784044,6.580416534090909
20651,3.21720731937088,2.61036838843253,2.9290461458064105,3.033626460933807,3.834192471755219
20652,3.852590195921189,2.840830484501917,3.971788498016643,3.3281421049200715,4.509110668674111
20653,4.236132788416892,3.45370811528021,4.3665050654570265,3.4437858531758705,5.0029433238636365
20654,4.598601110849688,4.243886855018727,3.895111617592879,4.086302573242135,3.434412226289749
20655,3.429932731644,3.002337801718762,3.412208517061515,2.9867139140318084,2.923955978267698
20658,3.779455317841104,2.9541704982059067,4.071904553160822,3.731666079068432,3.727146565914154
20660,3.0948604687233656,2.200499365576981,2.86517956641457,1.6092731866795191,3.5629469538380665
20661,4.227291370975883,3.374817935728311,4.292632794954514,3.81443723766367,4.067852817475796
20663,1.5259677674750185,1.5234772784024309,3.2485437981684404,0.951007725923552,0.6246800880788045
20664,2.96698631739152,2.4452201914274747,2.8515889552332148,2.09686939112944,3.790731833187063
20666,2.8603322399445013,1.69123811187169,2.837410571620117,1.80407646682174,4.997364709774653
20670,1.776221750646943,1.5663131051119932,5.689370581692963,1.403837608809729,0.39301
20672,3.9768016722095343,3.2167655099422,4.087524106054582,3.372982107060269,4.134347414772726
20676,2.150268412336228,1.9774663895440976,2.670584298123005,2.2292166411092547,2.473940751475991
20677,3.0011734009370934,2.486578169972569,2.8294002763437103,2.479271597188036,2.9632990453856216
20678,1.7295302163417583,1.8070031068959007,3.395503875285822,1.137650589687861,0.6756087307930698
20680,4.335550507511145,3.954559380375558,4.48403525707994,3.6970737220690073,4.359371870756149
20684,2.6137964750480887,1.97980087603898,2.612433337678684,1.7328409426074338,3.0225789039711586
20685,2.5274312813253457,2.1460954200442712,3.676204709669712,1.2992468419264398,1.0072712053498358
20693,3.705196905022803,3.3488375963002137,4.063026578033062,3.3156441141766035,3.62977001874242
20696,3.4641862884082566,3.331873855855929,3.5977758402790574,3.7380527016376734,3.4526509176939726
20697,2.9144515321526976,2.327685268008081,2.881118804939696,2.8360826488103648,3.011541520662586
20699,3.472419735655821,2.992598114653359,4.511735525990092,3.0724138992063814,3.2516138962639283
20701,3.6575756438481832,3.157102818700895,3.592150451577545,3.444772497834938,3.603968758136034
20702,2.2332596526052364,1.8481519693992907,2.470434660885745,2.422156266362665,2.399164480230312
20705,2.6845021118273125,1.9380618196927253,3.610494358028232,2.2788428757311,3.184068592289256
20706,3.75004422461252,3.288621838659245,3.0967000917884824,3.2816952366267467,4.164642471590909
20708,3.1538507542739853,3.022895388339801,2.9672563499193947,2.9303183096591807,3.1425083433153245
20713,2.486327205975857,1.8896433119124865,2.2078425699979185,2.0879481971288296,2.941560454303158
20714,3.5215883563205783,3.080118729095554,3.797996480870556,3.462441065132939,3.244220011983998
20715,2.293681884056976,2.0311534740839967,3.1469626865432767,1.577645636035668,2.216714797901034
20721,2.201426000519489,1.612536847508539,2.430011465140628,1.6092010687648988,4.275104289772727
20729,1.3160847627065384,0.9609703706773676,4.09395511167533,0.6930533566110328,2.8930007468822607
20730,2.370969184158109,1.9108929399411336,2.322064568572124,1.4401926106130336,4.128191335227273
20733,2.6478375795087814,1.967020152199514,2.5605252577653177,1.6865608268720056,3.355793691693425
20735,2.486314929394625,2.1804362515667584,2.85996505714675,2.0364644057149226,3.294469065964222
20737,2.1034983109191883,1.5207504655982422,2.617301303788244,1.7818138565903243,2.831090028409091
20739,3.0830262524860754,2.5846823203749194,3.119193891090408,2.7262544824366044,3.1410228200256824
20742,2.34590041602993,1.7666915066812212,2.318357189893145,1.9619722236703832,2.9676359337754548
20744,2.907646596711936,2.565665377163866,2.5203304294475046,2.606164553734529,2.5412863629856504
20745,2.2976980071065816,1.7264387720340362,2.103454149267708,1.70729141904187,2.680391507288628
20749,2.742000130251633,2.2981544416931508,3.058965856539232,2.7416939052126565,2.749170617200434
20751,2.41846118337859,2.238742871647021,2.363434916748,1.92938421021132,2.2128664553665085
20756,2.6004281517990298,2.39935915475329,2.298636790490015,2.354929476227308,1.6882816981109503
20759,2.042069506980334,1.5728443456092362,2.2482871653828687,1.420879219670121,2.240041669112023
20761,2.61783858281566,2.1751838095240394,2.727369813536736,2.40192050452274,2.7051096968352795
20765,1.6561568481343851,1.3518479255477842,2.0175654173017845,0.5005756872008229,2.267519204667206
20768,2.0382545138084294,1.5816292797125149,2.301381022524443,1.8683116431159377,2.0530013515196064
20773,1.287180043703953,1.122311804319629,2.1194449658418297,0.595827881979575,4.423390852272727
20781,1.8388441936356457,1.1563334307479307,2.1701792461408096,1.1830939090204091,2.963839799701565
20786,1.3956336491734371,1.3688601552635544,2.260169138201515,1.4577952078805856,2.395314841621345
20788,1.4852358867593063,1.4193509221580038,1.5673276208623197,1.1516207334068873,0.4531597152062535
20789,1.7828090255544835,1.4338302695171858,2.0279506474869025,1.7062438052475817,1.984721390713985
20793,2.315581768586915,1.8102593882106508,2.707572311633907,2.443074312507566,2.0400777481977017
20800,1.313638589044118,1.1353422613979414,1.415767080151248,0.7946573905334275,1.7767051586669136
20801,1.913083059931188,1.3627820020615913,1.805966539714266,1.7593616043469316,1.8980215662988749
20802,1.5232933127508337,1.3208928821927493,1.216475798171566,1.0144115177398176,1.3546400465059072
20803,1.50329410821536,1.3925668721324225,1.8381541009457805,1.4212598196944357,1.326475154966312
20807,2.0628656016811235,1.6639982507659128,2.339265301619664,2.289219219313736,2.050468424335122
20810,1.968507397846389,1.6480406615032512,2.1963132882881284,1.735817451229324,2.0333689616685007
20812,1.562890678213743,1.1555921944436545,1.942998704384859,1.0635698990061715,2.1423459481180567
20820,2.009989306774778,1.7103376245897892,2.422161247321109,1.888198672800032,2.063485496160658
20823,1.9859504300110151,1.6999544122752404,1.916460059457664,1.760831879247818,1.8534445076918813
20824,1.3013599502193616,1.0522243323685438,1.6759904126100114,0.9691565875433904,2.9989089778913507
20826,1.5856632252755694,1.366566524174564,1.6956500325980242,1.5283761872443302,1.2407139600581134
20828,1.5586307455806767,1.2273224978630786,1.9131710477518449,0.9563445890827832,2.0330991400781446
20830,1.3373343426091029,1.2119793701943995,1.5677851593688077,1.2518403314821396,2.6060244318181813
20831,1.9539230415143507,1.5628456660497956,2.2071445629528395,2.01340050499038,1.90583463038632
20838,1.930509867973043,1.7807374723743523,2.258044304021679,1.897413806466564,1.7077711752857012
20840,1.8966449346069505,1.570613819082996,2.227259159059125,1.618153656546811,1.0876380692618774
20843,1.5488658925052785,1.0364372968591802,1.9690253953415389,1.0755183052631951,2.1717559294920648
20846,1.29360652929633,0.7762592968862992,1.8039455776191464,0.8685167001731751,1.4963229176133586
20847,1.7789682352031635,1.2690657013746305,2.034859363027844,1.0907344437961206,2.110950308062858
20849,1.996425937840304,1.8976220076631467,2.2761413747655084,1.8894320472654007,2.672883636363637
20852,1.1533963096369382,0.7479207677533695,2.081614590477061,0.9974402447132868,1.884768327807775
20862,1.600065269256008,1.1762923717375389,2.0292839393016924,1.781446972957737,1.5688838352272727
20863,1.4987387991532093,1.1186950934393174,1.704678806204401,1.1662194740372391,2.0760301704545454
20864,1.3073380464492557,1.0290598548189576,1.424492896738633,1.4598073151153592,1.8666434943181816
20865,1.363935218463239,1.1127846559504644,1.628232614199526,1.400262926204012,1.812352809589356
20870,1.3400129914606906,1.198828321740519,1.7183015703379765,1.2793118415449851,1.3456564466409555
20879,1.6270588113348254,1.079673806926149,1.572781076921426,1.257925149591614,1.873219285007912
20882,1.2691482142004926,0.9776461478539042,1.4961214254028148,1.4163568050555968,1.525751878041774
20883,1.1096663180615174,0.8705174300412497,1.3463849243790984,1.0151702978416377,1.3788104895969735
20885,1.2370822362502534,0.9847955156903372,1.4786133303632103,1.1847098570503531,1.6276699970326116
20892,1.319272334736072,0.9287810339335436,1.4374664739151777,1.1775681236004578,1.3778185632261022
20894,1.6311561507461898,1.268121166367456,1.599272838718902,1.3198853122831862,1.6658093710429966
20901,0.958967670931448,0.7192819819562328,1.3491285624103568,0.8863231028848909,1.0166249860347
20906,0.8797782657432767,0.704714501453193,1.1540909003726858,1.0533425454293213,1.1035686281322985
20913,1.1536476913428564,0.8563564250441791,1.6926822936602717,1.2278184951679043,1.2321065608412027
20919,0.9112913331410948,0.5767326082475306,1.2606132865953013,1.0118963506071292,1.3022159090909091
20922,0.8321951684486044,0.875041472753112,1.277924708327109,0.934372704987442,0.6419301456524732
20925,0.922141496294836,0.7002244403140288,1.263458568710635,0.7475087280199406,1.2650661458792023
20931,1.09868147810067,0.9452807191021906,1.2547923027115924,1.224400840274665,1.2119089862313437
20936,0.718782287392275,0.4175484525425846,0.9237108042591298,0.38271516847791,1.5305982362997437
20937,0.8984043717713539,0.7027628577330867,1.1935510090046408,0.8127603786807382,1.0324398641656718
20941,0.8779346837846577,0.7281809629388742,1.1619907527054754,0.7842887922127009,0.8238586893604339
20947,0.8371883062547019,0.5817200079750107,1.2528502362728893,0.5447750527223477,1.1465645357587917
20948,0.8181823621612805,0.5432224660056209,1.113115234240136,0.4912939048228957,1.0658400512281845
20949,1.057960340830436,0.7797324513735253,1.3497460696792485,0.8860059741644015,1.100934772727273
20956,0.6686528988950375,0.5745082368134473,0.888674005920031,0.6475872958633262,0.7711471034773147
20957,0.9295735829954168,0.6979384224669948,1.126590842886448,0.90627741670808,1.0342209404334426
20961,0.864906135632255,0.6829749636739404,1.2471721807494207,0.9169265057021166,0.89493919235633
20965,0.7839012542070951,0.6013116483058124,1.2134980654883367,0.735523342866351,0.7941893682403751
20970,0.7193375710392783,0.5250250953190259,1.1138550381666517,0.4115499910849938,0.6557714498996645
20976,0.6806460583239556,0.5261250868353599,1.0350498523057006,0.7729629109821046,0.808104332375846
20982,0.5020690055765034,0.2734587463938328,0.8418870172588753,0.4044353683736325,1.071730994100516
20985,0.682248079555168,0.5936013488010639,0.9212440576845008,0.7468809901027444,1.2468595170454546
20986,0.7697445777612391,0.5631492217115787,1.178663044525948,0.7713631260461457,0.8207255113636364
20991,0.4085636985410382,0.376561172212389,0.965944053578748,0.2838750350240417,1.019205717869834
20994,0.4428379746135755,0.3268220446711293,0.8730065927068396,0.5384505145503722,0.6308911792574775
21008,0.7024885088704435,0.6071386317870886,0.9404529623065584,0.7225531673721808,0.6186601341083583
21014,0.8611646819465979,0.7364752470497036,1.0643598570768469,0.7960234836044225,0.995555681818182
21016,0.593935288950433,0.4293209813043274,0.98068529438278,0.4013654120487891,0.7302235349563331
21024,0.6062579821419793,0.3774460014140622,0.9512545037393096,0.4013288637190479,0.7389523991655782
21028,0.4636313198544887,0.3420029569767706,0.8123660845226934,0.5614145125823782,0.6687849283875514
21032,0.4926401009538211,0.2898598447208917,0.9089507585186032,0.3251362939769919,0.7059976302859583
21038,0.5144047158645162,0.3752006788051029,0.8445049445554631,0.3551018317194694,0.892330284090909
21048,0.4263544214892829,0.3661381470923208,0.7775464376830503,0.4069138503676061,0.3401998579336374
21049,0.3676145246135929,0.3256091482481724,0.7527585729332655,0.3585870015559385,0.8028346994134895
21055,0.3606196733497036,0.2672786585433779,0.7643363032671431,0.4609697554323897,0.5267963776073332
21057,0.497675413661919,0.4035047218419761,0.9510896586554918,0.5316323362931792,0.5473350852272727
21077,0.2925886232896486,0.2449729094937724,0.6893278226249603,0.3705110923394503,0.166907163330262
21080,0.3962413239174532,0.2730006498750732,0.7613912526073358,0.4612165233937034,0.5372565613361076
21088,0.370569529559337,0.2066462916408813,0.7726457540707296,0.1944328808079642,0.3823595810897902
21131,0.2304247237812481,0.1339459925574343,0.6613785660869724,0.1127479497959283,0.3571192045454545
21170,0.1194639836946984,0.0471175806585381,0.5867276060704254,0.1072768006127098,0.2914996977002968
21182,0.094040915761484,0.0942138876362682,0.5406272680097981,0.00089,0.0961777134574545
21190,0.1467412325655439,0.1112147383950944,0.6014583983534606,0.1439388380567805,0.2079585457454819
21192,0.0508037411265534,0.0575968450984518,0.4883799230896974,0.00874,0.00874
21200,0.1016052223325201,0.0866370842946012,0.5402076797354775,0.1353895165105612,0.1868002827613104
21202,0.0704903355458527,0.043468169655872,0.5041954332756338,0.01492,0.0850793593005901
21218,0.0482636403445144,0.0328509631593312,0.4736697102298274,0.01745,0.066708430801838
21222,0.0462512970259481,0.0400228258012868,0.4848213781026706,0.02184,0.1529914772727272
20514,6.600711899385847,5.568201430289965,5.766446452226582,6.723998161181671,7.964644501045827
20578,4.594683658375826,3.946107411757788,4.731697153686939,4.539526797812975,5.611042904162426
20878,1.4184002259583102,1.1687904933563793,1.770579290347728,1.3472892413171595,1.7122438761495775
21224,0.0969612400569764,0.0690648969262784,0.538281298944544,0.1382760857373305,0.118013321795886
20588,3.994561719708407,2.619417289607372,2.4507588627776125,1.683324600786106,5.137067937547289
20724,2.182321712586248,1.590905706606311,2.502610947529033,1.7843191894406916,3.828611045579116
20743,1.990158899450684,1.5911593700078197,2.289460778885801,1.4246541922343168,2.299568442377467
20771,1.6891436733981742,1.3960638526925366,1.9829746391166336,1.22488264484315,1.8025616141083385
20945,1.2763817746154862,1.1337123631978268,1.984339945373665,1.1409967835199004,1.3447717854620092
20951,1.0398462910518045,0.8801051997590283,1.8385146413105529,0.9994408824425898,1.2654839311393775
20319,16.098783341901147,12.597351623147985,13.2796592128259,12.365121896961874,21.58074436874519
20390,11.847727712017122,9.332421532259795,9.286012464650383,8.22919497708736,13.573622850319994
20415,8.363081194031455,7.89099181774997,7.668100093593713,5.662758780823295,7.382018877145094
20447,8.669401875984288,7.417531174673047,7.271592195840291,6.65802782207925,9.896491214562715
20478,7.458962799286083,7.300163147724391,6.911523154309473,4.781843135657933,5.466732646678647
20508,6.379191267744876,5.91118539024902,5.263467948411803,4.264991865418361,2.84273
20667,5.224548570817089,4.300780623504716,9.28697425761647,4.664404613617145,4.828179999634072
20298,15.354639460270532,13.4091654220278,17.314218510330242,15.601278888342732,18.68951393115569
20343,12.584141726719832,10.4539784143984,15.432747289185045,13.601096026679004,15.783041101235607
20377,11.251919679471714,7.910821521526518,10.54719518913184,10.290634556114783,14.053447878698895
20417,9.73110846429109,7.882336639956717,11.298231517346586,8.544515446858867,13.099242857142857
20750,2.732733844041995,2.012393019915584,3.344269345525308,1.8892751936429373,4.1746165079365065
20832,1.948930926746581,1.5214069787687086,2.821678661030714,1.58609509766853,3.2416549206349208
20855,1.718342374921853,1.3079598660354728,2.131277337837373,1.3782777711058345,2.164758284596056
20877,1.2374238232511794,1.0409469468534085,1.852941059784152,1.1241893312475597,1.5137652932342582
20914,1.2000046292534143,1.093642908030842,1.40196123490094,1.005463045828494,2.076773333333333
20996,0.7866069711289886,0.5245590825784683,1.274642570815581,0.6739012855352194,1.080776507936508
21003,0.6665577967775455,0.4540302274490294,1.066837128434518,0.5577673776615124,0.8812908252645816
21027,1.146818810079986,1.076128248961493,1.8051297411554224,1.1579752616654693,0.776274764547445
20049,164.1462119276969,133.6131616967605,167.68294287285772,131.20366736643211,206.70517026929485
20453,10.519809008912366,10.334886637002866,9.899422924415044,9.55396339674093,10.16848626398352
20657,3.718955028323865,3.8425473029701074,5.0442506366834365,3.3804937081959148,0.1401988234857393
20741,2.203927505520801,2.036212679744953,2.5323256188454573,1.4272777311383082,0.047028231798986
20777,2.5947712995010934,2.0571,2.928305852673887,2.473857201956692,3.088096008300781
20402,11.83050877743988,11.281124107899329,12.688017063372284,11.4752762532912,15.32934776546123
20496,7.2708177280444914,7.215962183512679,8.502768648404475,6.266255310567594,7.599458152373024
20542,7.23628487695934,6.539632813355193,7.638631283028259,7.097165746790643,7.505770834259844
20624,4.809154207518307,4.980710395882232,4.937933454798165,4.139520014290758,4.447752005364762
20775,1.8962585553553373,1.8004684698897546,1.925289722884188,1.9719307029991875,3.0387357737943024
20818,1.6669373190857382,1.748434270569984,2.221332912425868,1.508426192692958,1.3547340873221585
20202,31.700884665000075,26.102631376088866,24.706213778251875,23.01077544775996,40.21591500275251
20334,14.092576872888197,9.682671431921287,17.546798058494915,11.688472160005126,24.734840507729103
20337,14.93093841785819,13.262286337906431,17.059763890366966,14.31718369289517,15.661064968886125
20340,16.20640490231138,12.590235813510327,19.501674761170904,11.925624840519417,19.860050538311835
20544,6.905976339651064,5.906532466077935,5.5852264572816575,5.9465075018548905,9.540488939016802
20552,3.839755258005404,3.746837272167133,3.6167795784263856,3.346137791550738,2.71760116957412
20574,3.45474632249208,3.606866391662729,3.8731599672426418,3.806053053576521,6.272493453129478
20589,6.034360514750843,5.670368408412409,5.680789168786744,5.439197595300302,8.134154637523336
20646,4.602939513675371,3.803442700309367,5.1443018712139,3.669054343417508,4.913069051026758
20758,2.532531967516637,2.359218112512097,2.52400413656287,3.375522037255972,2.283295368635811
20809,2.7349896611567783,2.5677505868401225,3.0110945356814245,2.233826923698445,2.8286343605622
21167,0.1519808632066694,0.1243409055384592,0.633399749812173,0.1292004064841096,0.2616882597946602
21180,0.0791515731585884,0.0796305469614846,0.5643771167669562,0.0685465315302184,0.0746036618245177
20112,77.66931300130932,69.97092332901212,66.691226830826,80.20641150269047,89.28998726354831
20297,23.47379715127758,23.98562760528788,26.410055571211725,23.58901880333769,21.70678816058419
20306,23.99816515555716,23.29373105279032,24.799384203189305,20.85381430582508,21.542106758464467
20323,21.70653722899398,21.46790596806665,28.408677045600864,18.66961465727712,22.951153427527885
20344,17.333930424596574,15.045444249307645,15.67356809115734,13.123391145318408,25.37053876560096
20348,16.98691794742229,14.156485126795015,16.44435391335546,12.981426319123434,20.005340080108613
20387,13.115709668882316,11.699048798471598,15.827510206142112,10.45406587306518,18.86280766968713
20403,12.813485483124571,11.76148381504019,13.735782986685583,9.929221646905305,17.434595390665073
20567,6.81505838256624,6.186984203763403,7.818317249294672,4.6441554778294005,9.026184981519526
21118,0.3356264973872959,0.2418123449789043,0.6964220465894959,0.4034702322035112,0.5186411677209779
21155,0.2864436636202052,0.2104949500101766,0.7653731172094113,0.2726463645913719,0.3688390024291688
21184,0.197399074443899,0.1384435212907844,0.6367680789373296,0.103332001350809,0.2440770067549526
21194,0.1233012154482798,0.08851838480141,0.5383438232644655,0.0877128763606292,0.1669655473778639
21207,0.1376093008733809,0.1112559956210281,0.5595985623189929,0.09705821355621,0.215858881860147
21212,0.1046452070044828,0.0748649339604924,0.519763532177029,0.0557638889788575,0.1455329037745786
20164,60.27429952471877,51.06914650970232,56.36096633794215,57.21988995831796,61.48115012606552
20203,43.39366251389141,39.92163681282514,49.69406812209499,47.1529378709057,37.303106069618536
20218,28.62130760494358,24.054165103707387,24.75883525384443,32.36595575548457,25.41796866307542
20479,10.472120094457049,9.0241596825285,12.651152634036208,6.917628629179216,12.562445998191832
21065,0.5637544715556713,0.5053214219313029,0.9864861637867948,0.4865571229151293,1.259235462478185
20237,39.18640503709555,32.24372206455239,42.38182211702264,27.827515755855003,48.0135235786438
20395,17.322986941479662,15.255968271768149,17.05541577469845,19.016412156425247,14.857453399234348
20513,8.362591671971195,7.080682043648897,7.585062277093007,8.317042538131897,8.621612389882406
20576,7.490388274686389,6.258349158857902,6.442130964368927,8.127588896417848,8.261842168186423
20604,6.985451293876644,6.224128080913118,5.284275999660597,8.084536264049781,5.826072269015842
21157,0.1953470880845463,0.1327199333826323,0.6439598041352992,0.2209010165819551,0.221475938984399
20126,95.07745843162886,84.60962257417768,101.85055616702806,92.94942872467584,113.40794532874617
20135,79.9684564702034,73.56976884746892,67.36513063540545,75.67661578611121,88.51230613914373
20150,85.87540979337875,76.8222312974604,107.52489882223928,62.79636603588232,91.71216071638572
20262,23.6122441568886,19.094770938959503,20.97366647983616,23.6466572450754,22.763673211009174
20351,17.425285168158936,14.56414222274691,17.064966515871095,14.970536405892409,23.02865005941952
20368,15.730580519240508,12.934650917327208,19.03305061357844,13.28109119925819,20.80614670804682
20378,13.78673892872638,10.962938998161077,16.493378826831965,12.781959180187693,25.70096694721895
20481,8.102832545150795,6.890613324510191,8.912611816254444,8.60665740774725,9.099462340859803
20488,10.325564793871695,8.125853047179548,11.695741814980387,9.057667646696752,13.354317921636133
20541,9.88632898124938,7.595764893280923,10.97360448062128,7.638878796122251,12.3644248470948
20571,9.187651784310578,6.88123597833121,10.36125285526432,5.967310114745349,9.724291634033708
20811,2.893617367582493,2.316008047710916,3.786740129762746,2.657165897470364,3.694523850700265
20130,89.4622898576113,83.93128594503094,114.56792528498168,85.90572116231718,93.74322628974916
20143,80.90110239672856,67.60948647834275,114.2957159661394,68.37027992256907,98.07442756189651
20159,65.25465715104168,59.84711548970734,79.70867161765608,63.45797330375126,71.19204378128052
20170,68.02071235141048,61.25974420388221,81.57354323081395,61.92934537071163,71.89174114491412
20266,30.10598934573223,26.70388508949257,19.852860131508024,27.87544547242288,27.500655
20364,25.375436969647296,22.22998384418825,23.73645825237661,21.431625063899347,30.239589526129432
20389,27.996734403427418,24.095309051804648,25.73499143977066,18.89792585576776,29.49088018709803
21034,0.7259480567192474,0.5166910290682466,1.1483058811154594,0.5285147854950459,1.1436420247515575
21040,0.636214137621229,0.5385105136829875,1.2407983025760991,0.5259931953272122,1.4345870945945949
21126,0.407272461226248,0.3226255788866846,0.9298087042353242,0.5610167347860089,0.3338563513513513
21164,0.2911503739194221,0.1938948483265604,0.7488512410176936,0.2385755993527243,0.5300990202702702
21176,0.3116662109248128,0.2469943175584279,0.7071009026904482,0.2173596431722426,0.343922460245729
20089,158.13841471896492,127.62635691781308,157.97431400236837,138.20567965365598,163.25442597207302
20459,14.675562434284208,13.040015623231104,15.29483550558137,12.88257,19.752356461116246
20522,10.426516131551084,9.502442583084228,10.083547335793016,8.87003360667493,15.481321505137853
20638,5.858655871415528,5.059001869414843,5.776441417282036,5.422888260317087,5.452023585833741
20503,9.205829171483494,8.44697554604431,13.579126258884834,5.88212824915882,16.473058073294062
20679,7.422366810879825,6.734739263252135,7.072722517774846,6.854495544256732,6.050248347795927
20783,2.922065199309132,2.7169412287163968,3.4915508444981387,3.2422675671733523,3.541166065747614
20853,2.576259177575052,2.3246929385446933,3.3768867864965912,2.86478999849679,3.052786670201484
21084,0.4727487211980188,0.4105438689537715,1.0659428085727,0.5728689360381835,0.4504170413573701
20495,14.099556494427423,12.980156040274071,15.571837910086565,12.59658,17.521729071935017
20523,13.236366856093971,11.015206466600851,14.533940301174718,9.632370484206715,16.03012017409007
20527,12.959952335642376,10.665549959036332,12.81509519434463,9.828143378621569,15.854651864801864
20540,10.475429397036578,9.65332435596256,13.195715346285912,9.085412909397393,15.3443947780988
20553,11.266910233437724,9.58160112809504,13.149258737347171,8.199937446468468,17.007976456876456
20559,12.68245484969815,10.136724457819462,13.069510567276708,8.451744513560566,15.97281695804196
20569,9.383077294471722,9.4411682740139,10.567723642974242,9.387674909467902,9.792895118395489
20611,8.904870906601252,8.052869395315906,9.43369123679502,8.837828215416724,11.70002830028534
20682,6.068083100016554,5.3508,7.224682444190834,5.3616825531216925,9.231621623039246
20902,2.131454427941881,1.6856684927470882,2.47001578035746,1.9758756180212385,2.466204965034965
20908,2.2237247424000604,2.021428684473433,2.8312178690168617,2.224605622406858,2.4092575212319693
20967,1.3673251107137423,1.3263745296831375,2.1343802899912507,1.374635963676245,1.7833018181818183
20997,1.1448387301040557,0.7861833080889834,1.5062121557302248,0.9240736768445642,1.786886637409528
21142,0.2076102749470623,0.1079503201901124,0.6504920048490617,0.2661580219470236,0.4145040839003922
21191,0.101196262512589,0.09023,0.6043833869801642,0.09023,0.1640588640153243
21209,0.0772360897922614,0.0605505528401172,0.563494802087984,0.1052131000752008,0.1015362149594664
21226,0.0819710651232149,0.0499385995062071,0.5659307145733061,0.1013266210460902,0.1498422548930222
21233,0.0200966533951968,0.0288499211648189,0.5560264004477841,0.0274628553794997,0.1445399783996154
21245,0.01441,0.021169432544238,0.4872480523952193,0.0385721620761718,0.0528802568897234
20085,172.74624243213086,170.3343937986542,143.6846631634969,123.13264642064402,190.7971225
20408,15.48067057306944,13.805717282167226,15.70136389326056,12.042890819714524,17.668238333333335
20477,11.650199757759816,11.751505976861775,14.323000527984828,8.671719296090174,14.465405000000002
20700,3.188693341976873,2.898615674361115,3.4475925922901087,3.910614020522962,3.7614883333333338
20709,6.48447121262544,6.419797469799801,6.760047108181622,5.725062400587962,6.918903333333334
20917,2.099914082433648,2.1579335670735764,3.220107254395674,2.171631882194511,2.5892741666666663
20990,0.936745490494804,0.713451678660681,1.3027166698503805,0.8806683450560272,1.150705833333333
21001,0.7099573996415875,0.5916481624361076,1.180479386672982,0.797188305522089,0.8325441666666668
21022,1.029097339943328,0.8816087908011654,1.5315381797403915,0.8511584412444206,1.1825366666666666
21037,0.6392069730192338,0.5220021621487669,1.1411343518034514,0.6519568380388853,0.7684625
21056,0.907566809457734,0.7473066174172428,1.262101279276692,0.6566516692601394,1.0724525
21201,0.2258284557435795,0.2011697135720578,0.6670967170963311,0.1909347286683752,0.2543116666666666
21244,0.0188317930128065,0.00988,0.4625941865789484,0.00988,0.0361116666666666
21246,0.0191757861990107,0.01128,0.4649809973425193,0.01128,0.0335241666666666
21248,0.0175198958545729,0.00988,0.4680614811052925,0.00988,0.0259916666666666
21256,0.0122425246120785,0.0055420183556182,0.4638559482027225,0.00423,0.0251733333333333
21259,0.0162028440114981,0.0074793518859124,0.4678564537164782,0.00564,0.0298758333333333
21262,0.0177335366137466,0.0113,0.4658195663496219,0.0113,0.0271691666666666
21263,0.0169504164385774,0.00988,0.4677643544749649,0.00988,0.0299933333333333
20460,14.106775660786235,14.02710934274226,16.997336646569714,10.429227324855068,18.19908416666667
20547,12.728882967531124,12.127760084495124,11.97959631398939,10.70846,13.832648333333331
20558,12.889057120577355,11.472641495317948,14.499929145423174,6.442480860383084,15.56646
20580,13.1471841801658,13.355867821252655,13.423673293462327,9.152291737329502,14.39165
20627,8.084446965321822,8.35132060268286,9.367641194521994,7.543142489228337,8.943495833333333
20689,7.739013186805012,6.745119560692292,8.199877845841925,3.6014406023270444,9.015673333333334
20817,4.308382800656955,3.8106582118669823,5.33115797882402,1.756370025682569,6.432486666666666
20835,3.723354279207259,3.354669863580207,4.792486850048896,1.5513694765325703,5.786993333333334
21093,0.6740119786449614,0.5785030150219195,0.2881,0.3428737638158196,1.06308
21105,0.7108824960479676,0.626652854572481,1.187691715991562,0.5372887891999857,0.8837566666666667
20032,517.3427768904251,519.1295688232053,590.33366,371.7312643632519,590.33366
21153,0.4610037402987482,0.3895606259323749,0.5895636363636364,0.3476167165277112,0.5895636363636364
21159,0.3911296315009401,0.3187840407947007,0.5135118181818181,0.2735378922480661,0.5135118181818181
21168,0.3744667382560458,0.3062497950003357,0.4885981818181818,0.1828258647565452,0.4885981818181819
20286,45.07892392933064,43.23483494702683,49.778057,33.74441,49.778057
20442,25.29276527978178,24.87589050617916,31.269903,16.65238,31.269902999999992
20491,14.038171906710044,12.821555137313434,15.661783,11.640169132037292,15.661783
20548,16.476847615628795,15.3353053552045,20.247307,11.0814182918798,20.247307
20620,11.953641051505413,10.839536330152214,15.088071,6.91217,15.088071
20623,11.608202993891656,10.815410246388105,13.210916,9.629170585578132,13.210916
20659,10.085811490837514,8.983822133980416,11.694495,7.88129354125041,11.694495
20757,4.362329889311776,3.885278958938573,5.683822999999999,3.406465468244135,5.683822999999999
21033,1.331201455853472,1.274682464417367,1.642999,1.03464,1.642999
21073,1.001866630716939,0.8764999972927388,1.3292560000000002,0.7233822348217652,1.3292559999999998
21252,0.1205701233052457,0.1079574844024144,0.178011,0.0601381751301714,0.178011
21265,0.0386209254432754,0.064687599413814,0.089541,0.0638662223628395,0.089541
21266,0.0456814124258284,0.067117974533798,0.094659,0.0407326859956909,0.094659
21267,0.049325237063649,0.0428551028644488,0.0928349999999999,0.0196138482119191,0.092835
21276,0.0247677746035094,0.0227642646294621,0.045447,0.0269406842234414,0.045447
20355,29.460733505173152,27.734559297828586,35.54702777777778,25.42592536931692,35.54702777777777
20414,27.451390132527187,26.12596709088906,31.19811555555556,20.509125199293187,31.19811555555556
20458,21.987432821993124,20.77558912696997,24.69197222222222,17.09341506440599,24.69197222222222
20476,20.584690889200687,20.01195601708753,24.85514,15.172585629569609,24.855139999999995
20510,11.61464030390852,12.680840084188354,20.465524444444448,9.865034380506348,20.46552444444444
20521,14.09372540082122,14.085585588561212,21.178451111111112,10.096915214808677,21.17845111111111
20525,16.570393957268806,15.364767529904864,18.363435555555554,12.347511505956042,18.363435555555554
20526,16.33268612958909,16.064384890498307,19.86938,13.151711407924356,19.869380000000003
20531,14.623792069277735,13.880506746473957,17.813344444444443,12.385598431848855,17.813344444444443
20537,14.579492065490612,13.346506217490534,17.25259222222222,12.240630735541965,17.25259222222222
20575,13.274607665608617,11.862312381994386,15.81606,10.334107551117464,15.816059999999997
20577,12.238124747675108,10.94404957988124,15.517516666666667,9.756776991150756,15.517516666666666
20593,9.962989397157472,10.879687338045374,17.16047888888889,7.379453552940173,17.160478888888886
20603,11.487666647956257,10.323719951906105,14.076342222222223,8.899521700650865,14.076342222222223
20633,10.171795611309944,9.11793448421532,13.04763,8.081912842610386,13.04763
20681,9.48571843939584,9.303799602302586,12.226912222222222,7.04877,12.226912222222222
20719,7.78472836284219,7.281461924892834,8.320296666666666,6.351700239073878,8.320296666666666
20746,6.089669946986518,5.570341453856859,7.316403333333333,4.65856752698212,7.3164033333333345
20785,4.842623708605315,5.051464836507651,7.750359999999999,3.0198696627605783,7.750359999999999
20795,4.851393134278746,4.442585583006991,6.306387777777778,4.074535224798602,6.306387777777777
20822,5.1809678862695385,5.066776099657252,6.033203333333333,4.141929340481651,6.033203333333334
20859,2.677645276416445,2.5212763482222167,2.8903033333333337,2.979762037812401,2.890303333333333
20907,3.7457128880902655,3.712230262146788,4.654346666666667,2.526473210423812,4.654346666666667
20920,3.1606501553874704,2.78543529245699,3.662496666666667,2.4836,3.662496666666667
20966,1.3608706060561393,1.2701709380969857,1.407242222222222,1.4132099303121357,1.407242222222222
20987,1.0511219436068822,1.0931203533753449,2.6687266666666667,0.4757988269381956,2.6687266666666667
21086,0.8659489044818554,0.8360844940269877,1.496077777777778,0.6537868920937482,1.4960777777777778
21092,0.9677044971499807,0.8399303163946572,1.040306666666667,0.7872366006250687,1.040306666666667
21179,0.4291325151317349,0.3590816642474323,0.5288866666666667,0.2689710923814771,0.5288866666666666
21196,0.3740697105430802,0.3063031849185395,0.4510877777777778,0.2143630082266272,0.4510877777777777
20754,8.78322025207601,7.779079131289248,8.739625,6.3246400000000005,8.739625
20924,2.9475078564869537,2.837867514426033,3.100855,2.986222547353085,3.100855
20928,3.727468695550338,3.19934772749935,4.5876850000000005,2.438852765247855,4.5876850000000005
20932,2.342363573640491,2.094468190927325,2.5980450000000004,2.268526346275743,2.598045
20946,2.934495548644649,2.715206329273589,3.17114625,2.352923604061436,3.17114625
21042,1.574257643764711,1.4370913043071598,1.78178,1.138983611135082,1.78178
21044,1.7128645021439683,1.55680547782012,1.858675,1.2049319641248308,1.858675
21064,0.5318959431963991,0.8286355688129386,2.15753375,0.25027,2.15753375
21074,0.7292515698319996,0.6246081367256215,1.42537125,0.791745715456244,1.42537125
21099,0.3817260186824807,0.5365623259469353,1.5154325,0.2143337280970439,1.5154325
21135,0.4258832253130348,0.3788334204737992,0.6871887499999999,0.3711897744118352,0.68718875
21163,0.4810394551260058,0.391373501410984,0.68782125,0.3437051145619509,0.68782125
21171,0.4339952535600909,0.3774763520682249,0.5545037500000001,0.2927319645295891,0.5545037500000001
20174,98.18920554145475,92.98062393178574,114.81175857142856,78.72586203827444,114.81175857142856
20592,15.426538909618236,12.948637075099713,16.768127142857143,10.86201,16.768127142857143
20649,19.70819975355866,16.262117398141285,21.76318,9.29863,21.76318
20674,11.544071479607997,9.985584083108918,13.739311428571428,8.21731,13.739311428571428
20691,14.283819056813297,12.318369032084474,19.80727000000001,7.99868,19.80727000000001
20732,8.723148592510281,7.407324773620882,10.110184285714286,5.96173,10.110184285714286
20772,6.621023422610707,5.311162451740251,9.344477142857142,2.9518615490314173,9.344477142857142
20774,7.360553531006087,6.159089485768824,7.696732857142856,5.23648,7.696732857142856
20827,5.150823790041713,4.048835669868661,6.934788571428571,2.645978490162137,6.934788571428571
20927,3.022760538492307,2.8859396945540863,3.734815714285714,2.7509990803669995,3.734815714285714
21007,1.5468649540280457,1.5910835228759754,2.1303714285714284,1.559946088657048,2.1303714285714284
21111,1.085569530480072,1.0417463559611648,1.2599700000000005,1.053218148863817,1.2599700000000005
21114,1.06483059304692,1.069300286768218,1.2802257142857143,1.0076625232457523,1.2802257142857143
21119,0.9360640956506578,0.9332726522648772,1.1571742857142857,0.9489775071676702,1.1571742857142857
21140,0.653234770249062,0.595532518156544,0.8307242857142857,0.45862,0.8307242857142857
21227,0.3327655268436209,0.2708607735237885,0.3401,0.160604398027774,0.3401
20236,68.4634653458286,61.29841672016253,97.61604166666666,43.10281665270489,97.61604166666666
20261,60.79397035407748,54.43566992921666,71.72756,43.74576,71.72756
20440,24.18168390302207,27.40437764835757,30.26895333333333,21.514066909855963,30.26895333333333
20615,12.421563228018169,11.865235691124884,13.478549999999998,10.610882339158104,13.478549999999998
20621,8.241392227671756,8.646467893201192,12.558663333333334,8.448924778869099,12.558663333333334
20662,10.068655932412234,9.887463224225726,10.89349,9.28893,10.89349
20673,8.42804227641374,8.59709862443926,11.385031666666668,8.39534748734964,11.385031666666668
20711,7.092672579167452,7.33892414152016,11.25298,6.850326391600593,11.25298
20720,7.56897189842825,7.680090176642614,9.745626666666666,7.083859179762438,9.745626666666666
20845,3.5125136837798605,3.117311088351931,6.433445000000002,1.6902447973839276,6.433445000000002
20886,1.9350601422002127,1.7821325387914,3.5225166666666663,1.147427632213337,3.5225166666666663
20904,4.830683845055274,4.280268998336066,5.292086666666666,3.47518,5.292086666666666
20910,4.826582848950297,4.270584467014858,4.859635,3.217063309331506,4.859635
20912,3.765854001904837,3.4132005789467947,4.67572,3.03888,4.67572
20933,3.162436654126992,3.1083068486411403,3.5741266666666665,2.961290326693556,3.5741266666666665
20953,2.6849025511870543,2.4451475345731506,3.9979883333333337,1.19437039032705,3.9979883333333337
21006,1.3939755848483704,1.3111655072197232,2.3958500000000003,1.1227265187395776,2.3958500000000003
21035,1.5617317705981877,1.5834917314709591,1.89825,1.4557192942428403,1.89825
21039,1.657955771896782,1.5846933101830394,1.9819533333333328,1.54406,1.9819533333333328
21079,1.2149178595597827,1.0803226018901553,1.8997366666666664,0.8269122305820344,1.8997366666666664
21109,0.8728046462921054,0.8806809923393353,1.2232383333333332,0.8449531885869521,1.2232383333333332
21112,0.7333731693440472,0.6909133268114153,1.0800566666666664,0.6568018193796054,1.0800566666666664
20213,61.5526965408038,66.08353190173514,78.120208,58.678955513258565,78.120208
20257,48.46661480058003,49.63797290359584,58.229854,45.4119637513547,58.229854
20694,7.311689153953523,7.794145468355451,8.77797,8.102602247843784,8.77797
20762,5.619131945234655,5.921681620972224,6.8208,6.035354916025105,6.8208
20815,6.3352200000000005,6.3352200000000005,7.464221999999999,6.3352200000000005,7.464221999999999
20899,2.2676591624103484,2.437718140657504,3.022482,2.58390193994936,3.022482
20942,1.7771770325925167,1.881336360564664,2.347294,1.7864159654905314,2.347294
20968,2.1896390557437173,2.187562001225777,2.968296,1.91479,2.968296
21058,1.4655292372476922,1.5335955940885715,1.6437800000000002,1.2963133901250394,1.6437800000000002
21097,1.1340910677570466,1.1919043082328282,1.378714,1.0527902590577285,1.378714
21110,1.1989995319161797,1.2603352162100336,1.391452,1.0907355283742546,1.391452
21129,0.7034160468074316,0.7422062738765935,0.927806,0.6250628659905115,0.927806
21144,0.6237398019425163,0.6161183830618178,1.17942,0.36366,1.17942
21146,0.6692371612318772,0.6796376059902345,1.196338,0.39513,1.196338
21154,0.5511079178228356,0.5294946388269833,1.196322,0.3461729021468271,1.196322
20127,176.1318972745289,208.71271325182727,208.43745,133.2360901924014,208.43745
20210,63.24857554843655,79.29024783693434,82.17732,62.31992238109192,82.17732
20686,10.406015456482551,10.497860397065269,12.4984025,9.60049,12.4984025
20703,10.155861997363838,10.114462413119588,12.166954999999998,8.21614,12.166954999999998
20962,2.847488033404157,2.8211544502469,3.9156825,1.99182,3.9156825
20975,2.5597857170736424,2.5321357685933537,3.58399,1.69045,3.58399
20995,2.3781428244832448,2.3362737468504235,3.3653225,1.55285,3.3653225
21087,0.796756492932196,0.8962100085265855,0.9074225,0.8848691370969042,0.9074225
21214,0.2888298967494771,0.3304534040953319,0.4110625,0.2412404059244594,0.4110625
